{
	"song": {
		"player1": "bf",
		"gfVersion": "gf",
		"notes": [
			{
				"sectionBeats": 4,
				"sectionNotes": [
					[
						0,
						1,
						0
					],
					[
						222.222222222222,
						0,
						0
					],
					[
						333.333333333333,
						0,
						0
					],
					[
						444.444444444444,
						1,
						0
					],
					[
						666.666666666667,
						2,
						333.333333333333
					],
					[
						1111.11111111111,
						1,
						111.111111111111
					],
					[
						1333.33333333333,
						3,
						0
					],
					[
						1555.55555555556,
						1,
						0
					]
				],
				"typeOfSection": 0,
				"gfSection": false,
				"altAnim": false,
				"mustHitSection": false,
				"changeBPM": false,
				"bpm": 150
			},
			{
				"sectionBeats": 4,
				"sectionNotes": [
					[
						1777.77777777778,
						0,
						0
					],
					[
						1888.88888888889,
						1,
						0
					],
					[
						2000,
						0,
						0
					],
					[
						2111.11111111111,
						1,
						0
					],
					[
						2222.22222222222,
						2,
						0
					],
					[
						2444.44444444444,
						1,
						0
					],
					[
						2666.66666666667,
						2,
						0
					],
					[
						2777.77777777778,
						2,
						0
					],
					[
						2888.88888888889,
						3,
						0
					],
					[
						3000,
						3,
						0
					],
					[
						3222.22222222222,
						0,
						0
					],
					[
						3111.11111111111,
						0,
						0
					],
					[
						3333.33333333333,
						3,
						0
					],
					[
						3444.44444444444,
						3,
						0
					]
				],
				"typeOfSection": 0,
				"gfSection": false,
				"altAnim": false,
				"mustHitSection": false,
				"changeBPM": false,
				"bpm": 150
			},
			{
				"sectionBeats": 4,
				"sectionNotes": [
					[
						3666.66666666667,
						2,
						0
					],
					[
						3555.55555555556,
						2,
						0
					],
					[
						4000,
						3,
						111.111111111111
					],
					[
						4222.22222222222,
						2,
						0
					],
					[
						4666.66666666667,
						3,
						111.111111111111
					],
					[
						4888.88888888889,
						2,
						0
					],
					[
						5000,
						0,
						0
					],
					[
						5111.11111111111,
						2,
						111.111111111111
					]
				],
				"typeOfSection": 0,
				"gfSection": false,
				"altAnim": false,
				"mustHitSection": false,
				"changeBPM": false,
				"bpm": 130
			},
			{
				"sectionBeats": 4,
				"sectionNotes": [
					[
						5333.33333333333,
						3,
						111.111111111111
					],
					[
						5555.55555555556,
						2,
						0
					],
					[
						5666.66666666667,
						2,
						0
					],
					[
						5777.77777777778,
						0,
						111.111111111111
					],
					[
						6000,
						1,
						0
					],
					[
						6222.22222222222,
						2,
						0
					],
					[
						6444.44444444445,
						3,
						0
					],
					[
						6555.55555555556,
						3,
						0
					],
					[
						6666.66666666667,
						1,
						333.333333333333
					]
				],
				"typeOfSection": 0,
				"gfSection": false,
				"altAnim": false,
				"mustHitSection": false,
				"changeBPM": false,
				"bpm": 130
			},
			{
				"sectionBeats": 4,
				"sectionNotes": [
					[
						7111.11111111111,
						5,
						1666.66666666667
					],
					[
						7111.11111111111,
						1,
						0
					],
					[
						7333.33333333333,
						0,
						0
					],
					[
						7444.44444444444,
						0,
						0
					],
					[
						7555.55555555555,
						1,
						0
					],
					[
						7777.77777777778,
						2,
						333.333333333333
					],
					[
						8222.22222222222,
						1,
						111.111111111111
					],
					[
						8444.44444444444,
						3,
						0
					],
					[
						8666.66666666667,
						1,
						0
					]
				],
				"typeOfSection": 0,
				"gfSection": false,
				"altAnim": false,
				"mustHitSection": true,
				"changeBPM": false,
				"bpm": 130
			},
			{
				"sectionBeats": 4,
				"sectionNotes": [
					[
						8888.88888888889,
						0,
						0
					],
					[
						9000,
						1,
						0
					],
					[
						9111.11111111111,
						0,
						0
					],
					[
						9222.22222222222,
						1,
						0
					],
					[
						9333.33333333333,
						2,
						0
					],
					[
						9555.55555555555,
						1,
						0
					],
					[
						9777.77777777778,
						2,
						0
					],
					[
						9888.88888888889,
						2,
						0
					],
					[
						10000,
						3,
						0
					],
					[
						10111.1111111111,
						3,
						0
					],
					[
						10333.3333333333,
						0,
						0
					],
					[
						10222.2222222222,
						0,
						0
					],
					[
						10444.4444444444,
						3,
						0
					],
					[
						10555.5555555556,
						3,
						0
					]
				],
				"typeOfSection": 0,
				"gfSection": false,
				"altAnim": false,
				"mustHitSection": true,
				"changeBPM": false,
				"bpm": 130
			},
			{
				"sectionBeats": 4,
				"sectionNotes": [
					[
						10777.7777777778,
						2,
						0
					],
					[
						10666.6666666667,
						2,
						0
					],
					[
						11111.1111111111,
						3,
						111.111111111111
					],
					[
						11333.3333333333,
						2,
						0
					],
					[
						11777.7777777778,
						3,
						111.111111111111
					],
					[
						12000,
						2,
						0
					],
					[
						12111.1111111111,
						0,
						0
					],
					[
						12222.2222222222,
						2,
						111.111111111111
					]
				],
				"typeOfSection": 0,
				"gfSection": false,
				"altAnim": false,
				"mustHitSection": true,
				"changeBPM": false,
				"bpm": 130
			},
			{
				"sectionBeats": 4,
				"sectionNotes": [
					[
						12444.4444444444,
						3,
						111.111111111111
					],
					[
						12666.6666666667,
						2,
						0
					],
					[
						12777.7777777778,
						2,
						0
					],
					[
						12888.8888888889,
						0,
						111.111111111111
					],
					[
						13111.1111111111,
						1,
						0
					],
					[
						13333.3333333333,
						2,
						0
					],
					[
						13555.5555555556,
						3,
						0
					],
					[
						13666.6666666667,
						3,
						0
					],
					[
						13777.7777777778,
						1,
						333.333333333333
					]
				],
				"typeOfSection": 0,
				"gfSection": false,
				"altAnim": false,
				"mustHitSection": true,
				"changeBPM": false,
				"bpm": 130
			},
			{
				"sectionBeats": 4,
				"sectionNotes": [
					[
						14222.2222222222,
						5,
						1666.66666666667
					]
				],
				"typeOfSection": 0,
				"gfSection": false,
				"altAnim": false,
				"mustHitSection": false,
				"changeBPM": false,
				"bpm": 130
			},
			{
				"sectionBeats": 4,
				"sectionNotes": [],
				"typeOfSection": 0,
				"gfSection": false,
				"altAnim": false,
				"mustHitSection": false,
				"changeBPM": false,
				"bpm": 130
			},
			{
				"sectionBeats": 4,
				"sectionNotes": [],
				"typeOfSection": 0,
				"gfSection": false,
				"altAnim": false,
				"mustHitSection": true,
				"changeBPM": false,
				"bpm": 130
			},
			{
				"sectionBeats": 4,
				"sectionNotes": [],
				"typeOfSection": 0,
				"gfSection": false,
				"altAnim": false,
				"mustHitSection": true,
				"changeBPM": false,
				"bpm": 130
			},
			{
				"sectionBeats": 4,
				"sectionNotes": [],
				"typeOfSection": 0,
				"gfSection": false,
				"altAnim": false,
				"mustHitSection": false,
				"changeBPM": false,
				"bpm": 130
			},
			{
				"sectionBeats": 4,
				"sectionNotes": [],
				"typeOfSection": 0,
				"gfSection": false,
				"altAnim": false,
				"mustHitSection": false,
				"changeBPM": false,
				"bpm": 130
			},
			{
				"sectionBeats": 4,
				"sectionNotes": [],
				"typeOfSection": 0,
				"gfSection": false,
				"altAnim": false,
				"mustHitSection": false,
				"changeBPM": false,
				"bpm": 130
			},
			{
				"sectionBeats": 4,
				"sectionNotes": [],
				"typeOfSection": 0,
				"gfSection": false,
				"altAnim": false,
				"mustHitSection": false,
				"changeBPM": false,
				"bpm": 130
			},
			{
				"sectionBeats": 4,
				"sectionNotes": [],
				"typeOfSection": 0,
				"gfSection": false,
				"altAnim": false,