{
	"song": {
		"speed": 3.2,
		"stage": "og",
		"player1": "jeffbf",
		"player2": "judethedude",
		"events": [],
		"notes": [
			{
				"gfSection": false,
				"altAnim": false,
				"typeOfSection": 0,
				"sectionNotes": [
					[
						0,
						0,
						0
					],
					[
						107.142857142857,
						3,
						0
					],
					[
						214.285714285714,
						0,
						0
					],
					[
						321.428571428571,
						2,
						0
					],
					[
						428.571428571429,
						1,
						0
					],
					[
						535.714285714286,
						3,
						0
					],
					[
						642.857142857143,
						1,
						0
					],
					[
						750,
						2,
						0
					],
					[
						857.142857142857,
						0,
						0
					],
					[
						964.285714285714,
						3,
						0
					],
					[
						1071.42857142857,
						1,
						0
					],
					[
						1178.57142857143,
						2,
						0
					],
					[
						1285.71428571429,
						1,
						0
					],
					[
						1392.85714285714,
						3,
						0
					],
					[
						1500,
						0,
						0
					],
					[
						1607.14285714286,
						1,
						0
					]
				],
				"bpm": 150,
				"sectionBeats": 4,
				"changeBPM": false,
				"mustHitSection": false
			},
			{
				"gfSection": false,
				"altAnim": false,
				"typeOfSection": 0,
				"sectionNotes": [
					[
						1714.28571428571,
						2,
						0
					],
					[
						1821.42857142857,
						1,
						0
					],
					[
						2035.71428571429,
						2,
						0
					],
					[
						1928.57142857143,
						0,
						0
					],
					[
						2142.85714285714,
						0,
						0
					],
					[
						2250,
						3,
						0
					],
					[
						2357.14285714286,
						2,
						0
					],
					[
						2464.28571428571,
						0,
						0
					],
					[
						2571.42857142857,
						1,
						0
					],
					[
						2678.57142857143,
						3,
						0
					],
					[
						2785.71428571429,
						2,
						0
					],
					[
						2892.85714285714,
						3,
						0
					],
					[
						3000,
						0,
						0
					],
					[
						3214.28571428571,
						3,
						0
					]
				],
				"bpm": 150,
				"sectionBeats": 4,
				"changeBPM": false,
				"mustHitSection": false
			},
			{
				"gfSection": false,
				"altAnim": false,
				"typeOfSection": 0,
				"sectionNotes": [
					[
						3428.57142857143,
						0,
						0
					],
					[
						3535.71428571429,
						3,
						0
					],
					[
						3642.85714285714,
						0,
						0
					],
					[
						3750,
						2,
						0
					],
					[
						3857.14285714286,
						1,
						0
					],
					[
						3964.28571428571,
						3,
						0
					],
					[
						4071.42857142857,
						1,
						0
					],
					[
						4178.57142857143,
						2,
						0
					],
					[
						4285.71428571429,
						0,
						0
					],
					[
						4392.85714285714,
						3,
						0
					],
					[
						4500,
						1,
						0
					],
					[
						4607.14285714286,
						2,
						0
					],
					[
						4714.28571428571,
						1,
						0
					],
					[
						4821.42857142857,
						3,
						0
					],
					[
						4928.57142857143,
						0,
						0
					],
					[
						5035.71428571429,
						1,
						0
					]
				],
				"bpm": 140,
				"sectionBeats": 4,
				"changeBPM": false,
				"mustHitSection": true
			},
			{
				"gfSection": false,
				"altAnim": false,
				"typeOfSection": 0,
				"sectionNotes": [
					[
						5142.85714285714,
						2,
						0
					],
					[
						5250,
						1,
						0
					],
					[
						5464.28571428571,
						2,
						0
					],
					[
						5357.14285714286,
						0,
						0
					],
					[
						5571.42857142857,
						0,
						0
					],
					[
						5678.57142857143,
						3,
						0
					],
					[
						5785.71428571429,
						2,
						0
					],
					[
						5892.85714285714,
						0,
						0
					],
					[
						6000,
						1,
						0
					],
					[
						6107.14285714286,
						3,
						0
					],
					[
						6214.28571428571,
						2,
						0
					],
					[
						6321.42857142857,
						3,
						0
					],
					[
						6535.71428571429,
						0,
						0
					],
					[
						6642.85714285714,
						3,
						0
					]
				],
				"bpm": 140,
				"sectionBeats": 4,
				"changeBPM": false,
				"mustHitSection": true
			},
			{
				"gfSection": false,
				"altAnim": false,
				"typeOfSection": 0,
				"sectionNotes": [
					[
						6857.14285714286,
						4,
						0
					],
					[
						7178.57142857143,
						4,
						0
					],
					[
						7071.42857142857,
						4,
						0
					],
					[
						7285.71428571429,
						4,
						0
					],
					[
						7392.85714285714,
						4,
						0
					],
					[
						7607.14285714286,
						4,
						0
					],
					[
						7821.42857142857,
						4,
						0
					],
					[
						8035.71428571429,
						4,
						0
					],
					[
						8357.14285714286,
						4,
						0
					],
					[
						8464.28571428571,
						4,
						0
					],
					[
						8250,
						4,
						0
					],
					[
						8142.85714285714,
						4,
						0
					],
					[
						7928.57142857143,
						4,
						0
					],
					[
						7714.28571428571,
						4,
						0
					],
					[
						7500,
						4,
						0
					],
					[
						6964.28571428571,
						4,
						0
					],
					[
						6857.14285714286,
						3,
						0
					],
					[
						6964.28571428571,
						0,
						0
					],
					[
						7071.42857142857,
						3,
						0
					],
					[
						7178.57142857143,
						1,
						0
					],
					[
						7285.71428571429,
						2,
						0
					],
					[
						7392.85714285714,
						0,
						0
					],
					[
						7500,
						2,
						0
					],
					[
						7607.14285714286,
						1,
						0
					],
					[
						7714.28571428571,
						3,
						0
					],
					[
						7821.42857142857,
						0,
						0
					],
					[
						7928.57142857143,
						2,
						0
					],
					[
						8035.71428571429,
						1,
						0
					],
					[
						8142.85714285714,
						2,
						0
					],
					[
						8250,
						0,
						0
					],
					[
						8357.14285714286,
						3,
						0
					],
					[
						8464.28571428571,
						2,
						0
					]
				],
				"bpm": 140,
				"sectionBeats": 4,
				"changeBPM": false,
				"mustHitSection": false
			},
			{
				"gfSection": false,
				"altAnim": false,
				"typeOfSection": 0,
				"sectionNotes": [
					[
						8571.42857142857,
						4,
						0
					],
					[
						8892.85714285714,
						4,
						0
					],
					[
						8785.71428571429,
						4,
						0
					],
					[
						9000,
						4,
						0
					],
					[
						9107.14285714286,
						4,
						0
					],
					[
						9321.42857142857,
						4,
						0
					],
					[
						9535.71428571428,
						4,
						0
					],
					[
						9750,
						4,
						0
					],
					[
						10071.4285714286,
						4,
						0
					],
					[
						10178.5714285714,
						4,
						0
					],
					[
						9964.28571428571,
						4,
						0
					],
					[
						9857.14285714286,
						4,
						0
					],
					[
						9642.85714285714,
						4,
						0
					],
					[
						9428.57142857143,
						4,
						0
					],
					[
						9214.28571428571,
						4,
						0
					],
					[
						8678.57142857143,
						4,
						0
					],
					[
						8571.42857142857,
						1,
						0
					],
					[
						8678.57142857143,
						2,
						0
					],
					[
						8892.85714285714,
						1,
						0
					],
					[
						8785.71428571429,
						3,
						0
					],
					[
						9000,
						3,
						0
					],
					[
						9107.14285714286,
						0,
						0
					],
					[
						9214.28571428571,
						1,
						0
					],
					[
						9321.42857142857,
						3,
						0
					],
					[
						9428.57142857143,
						2,
						0
					],
					[
						9535.71428571429,
						0,
						0
					],
					[
						9642.85714285714,
						1,
						0
					],
					[
						9750,
						0,
						0
					],
					[
						9857.14285714286,
						2,
						0
					],
					[
						9964.28571428571,
						3,
						0
					],
					[
						10071.4285714286,
						2,
						0
					],
					[
						10178.5714285714,
						1,
						0
					]
				],
				"bpm": 140,